id_material,locale_material,quantidade,description_material,last_mod
65405145,2024-06-08,806,Set of ceramic knives for precision slicing.,17/4/2024
114000776,2024-12-20,546,Portable projector with 1080p resolution for movies.,30/7/2024
67016037,2025-03-13,12,Set of decorative cushion covers for home decor.,16/8/2025
31207924,2024-02-07,890,"Crispy baked radish chips, a healthy snack alternative.",12/1/2025
241270974,2025-11-23,610,Water bottle that tracks hydration levels and adds electrolytes.,23/5/2025
101105299,2024-05-17,684,Nutritious organic quinoa for salads or sides,9/6/2025
71925871,2024-02-24,382,"Tangy dressing perfect for salads and marinades, with sesame and ginger flavors.",25/11/2025
91409584,2025-04-09,148,"Sweet and chewy dried mango slices, perfect for snacking.",23/5/2025
82908829,2024-04-19,766,Classic wooden building blocks for toddlers.,17/3/2025
114917924,2025-02-18,27,Convenient and low-carb alternative to traditional rice.,11/7/2024
101104795,2025-09-15,550,Adjustable laptop stand for better ergonomics.,28/11/2024
123206545,2025-08-30,653,Foam yoga block for enhancing poses and stability.,5/10/2024
91408996,2025-08-16,735,"Sustainable tank top made of bamboo cotton, offering breathability and comfort.",18/4/2024
42101404,2024-11-17,558,"A flavorful garlic butter blend, perfect for cooking or baking.",18/8/2024
31318619,2024-05-22,707,Savory wraps with buffalo chicken and fresh vegetables.,23/11/2025
111916326,2025-07-07,557,Spreadable cream cheese blended with garlic and herbs.,6/2/2025
283071788,2025-09-27,43,"A delicious salad with quinoa, nuts, and cranberries.",28/5/2024
64200765,2025-05-06,804,Electric foot massager for relaxation and relief.,12/5/2024
103103147,2024-07-25,93,A mix of tropical fruits for a refreshing snack or dessert.,17/11/2024
81909146,2025-01-06,452,Modern lamp featuring a USB port for convenient charging.,29/7/2025
121139685,2025-08-24,986,Heavy-duty scissors for crafting and office use.,3/7/2024
114902528,2025-02-09,38,Versatile electric skillet for stir-frying and searing.,27/11/2024
21214875,2025-07-14,842,Cordless handheld vacuum for quick cleanups.,5/2/2025
81210398,2025-06-05,984,Eco-friendly bamboo cutting board for food prep.,6/3/2024
71925923,2024-08-12,60,Powerful blender for smoothies and soups.,3/7/2024
91409704,2024-08-29,216,High-capacity power bank for charging devices on the go.,23/12/2024
91210922,2024-11-25,530,Protective goggles for DIY and construction work.,3/1/2025
63000021,2024-06-15,46,Charming frame to showcase your favorite photos.,11/7/2025
111311413,2025-10-27,64,Tool for measuring perfect pasta portions every time.,19/8/2024
111307430,2024-02-05,969,Easy-to-heat frozen burritos for a quick meal.,15/7/2024
101200453,2024-05-26,927,High-precision oven thermometer for accurate cooking.,19/4/2024
221380114,2025-03-23,720,Stream HD video wirelessly from devices to TV.,10/10/2024
101114073,2024-06-23,348,"A mix of wild rice with herbs and spices, ready to serve.",22/2/2024
42307224,2024-04-02,443,A blend of dried herbs commonly used in Italian cooking.,29/6/2024
84107246,2024-12-03,717,"Crispy sweet potato bites, delicious as a side or snack.",26/11/2024
83000056,2025-02-04,253,A meal kit featuring tender chicken with honey sesame sauce.,26/6/2024
11100915,2024-04-22,133,Brews coffee with a smooth flavor without bitterness.,24/10/2025
21206537,2025-12-21,384,Soft and chewy bar packed with protein and cinnamon flavors.,8/10/2024
111309030,2024-02-23,913,Compact and stylish indoor/outdoor fire pit for ambiance.,26/7/2025
72414006,2024-04-14,323,"Fresh kale salad with a zesty lemon dressing, great as a side dish.",15/12/2025
84008507,2024-05-23,892,Dimmable LED desk lamp with USB charging port.,18/9/2025
73906306,2024-05-02,668,"Soothing tea with honey and ginger, great for relaxation.",23/8/2024
81909146,2025-10-11,860,Manual pasta maker for creating fresh pasta at home.,17/8/2025
41215537,2025-06-26,575,"Savory pancakes made with chickpea flour, high in protein.",1/8/2024
62001209,2024-12-18,250,Adds extra comfort to your mattress for a better night's sleep.,3/10/2025
322070381,2025-08-03,295,Space-saving broom holder for organized cleaning supplies.,31/8/2024
271990295,2024-11-22,999,Challenging puzzle game set for family entertainment.,30/10/2025
113104178,2025-10-07,991,Portable solar shower for camping and outdoor use.,16/2/2025
111904451,2025-11-04,668,"Organize travel documents, passport, and cards.",8/7/2024
42101190,2024-01-17,998,Specialized attachment for removing pet hair from surfaces.,16/8/2025
81517981,2025-04-17,468,Stackable measuring cups made from stainless steel.,3/3/2025
263190634,2025-08-01,983,A flavorful blend of rice with tropical pineapple and coconut flavors.,5/12/2025
61105685,2025-04-10,358,Fresh salsa made with pineapple and spices,13/3/2025
53108580,2024-04-23,176,"Flavorful lentil soup, perfect for a quick meal.",7/3/2025
43306855,2025-12-13,607,"High in protein, perfect for soups and stews.",8/6/2024
82901091,2025-02-24,865,"Frozen green peas, a great addition to meals.",8/10/2024
307074098,2025-04-30,148,"Soft and fresh sliced bread, perfect for sandwiches.",22/7/2024
62104520,2025-01-04,130,Adjustable phone mount for car dashboard.,14/12/2024
111304093,2025-08-25,846,"Ready-to-eat tuna salad with a spicy kick, perfect for sandwiches.",21/10/2024
125200963,2025-05-22,775,Comfortable kneeling pad for gardening or home projects.,29/9/2024
82901444,2024-06-29,949,Small fridge designed to keep skincare products cool and fresh.,29/10/2025
81000032,2025-08-07,620,Quick meal kit with pasta and fresh vegetables.,29/9/2024
82907545,2024-05-31,979,Durable and adjustable jump box for effective workouts.,9/11/2024
271170264,2025-02-08,145,Flexible molds perfect for baking cakes and pastries.,8/2/2024
82906517,2025-09-28,774,Quick and easy fried rice mixed with vegetables and soy sauce.,28/9/2024
83912393,2024-03-16,312,Popcorn tossed with sweet or savory flavors for a tasty snack.,28/11/2024
53185079,2024-04-29,112,"Fine semolina flour, perfect for pasta and desserts.",3/5/2025
31101211,2024-12-06,688,Compact hair straightener for travel.,9/5/2025
107006091,2025-12-23,664,Creamy vegetable curry enriched with spices.,17/1/2025
73921048,2024-01-29,221,"Layered Greek yogurt with granola and mixed berries, ready to enjoy.",12/11/2024
271973487,2024-05-13,28,"Chilled noodles dressed in sesame sauce, ready to eat.",17/12/2024
114924690,2024-07-11,352,Cozy oversized sweater perfect for chilly days with a textured knit design.,1/12/2024
122105922,2025-08-13,302,"Crunchy granola with chocolate and coconut, great for breakfast or snacks.",1/1/2025
91405258,2024-10-21,205,Interactive kitchen set for imaginative play.,18/8/2025
63115123,2025-11-16,194,Adds extra comfort to your mattress for a better night's sleep.,20/1/2025
103109840,2024-10-19,570,Quick-cooking couscous flavored with herbs and spices.,27/6/2024
104102574,2024-01-02,609,Comfortable trainers with mesh inserts for breathability.,30/5/2025
122242102,2024-03-31,637,Chic wrap jumpsuit that flatters the body and is perfect for any occasion.,9/11/2025
53112110,2025-01-20,428,"Organic rolled oats, great for breakfast or baking.",6/5/2024
281073458,2024-09-30,782,Fragrant fried rice with authentic Thai basil and veggies.,2/8/2025
52101106,2024-05-02,829,"Creamy, dairy-free Alfredo sauce",5/8/2025
54001220,2025-07-20,481,"Creamy yogurt made from coconut milk, dairy-free and delicious.",5/3/2024
61104712,2025-04-16,404,A bright and zesty dressing perfect for salads and tacos.,25/2/2025
11501035,2024-11-20,489,Easy-to-make falafel mix for a tasty vegetarian meal.,8/11/2025
265270413,2024-10-03,565,"Crunchy tortilla chips with a hint of sea salt, great with dips.",9/5/2025
221172610,2025-01-24,25,Fresh kale with Caesar dressing and croutons.,26/10/2025
64208437,2024-05-19,941,Compact and portable projector for watching videos anywhere.,14/7/2024
101200958,2025-11-05,716,Tender carrots glazed with a sweet maple sauce.,15/12/2024
92901175,2024-02-19,171,Large wall planner for organizing schedules.,4/1/2025
73921967,2024-12-15,731,"Sweet relish made from cucumbers, perfect for sandwiches.",12/1/2024
314072986,2024-09-07,954,"Creamy risotto made with mushrooms and herbs, perfect as a side dish or main course.",29/8/2024
92900985,2025-07-12,863,Small toolkit with essentials for home repairs.,6/7/2024
53185406,2025-10-17,568,A cozy cable knit beanie to keep your head warm in winter.,16/6/2024
63114661,2024-05-15,111,Rich and creamy chocolate fudge ice cream for dessert.,17/8/2024
75907413,2025-07-06,557,"Seasonal pumpkin ice cream, perfect for fall.",13/11/2024
325070760,2024-05-16,437,Healthy energy bites made with oats and natural sweeteners.,29/1/2025
81917345,2024-04-18,559,"A lightweight tank dress, ideal for warm weather outings.",23/10/2025
101019084,2025-06-02,307,Durable and adjustable jump box for effective workouts.,28/10/2024
113119105,2024-03-27,819,"Versatile canned black beans, ready to add to any dish.",17/6/2025
65506222,2024-02-10,79,"Lightweight, expandable hoses for easy handling.",18/2/2025
63112809,2024-01-24,571,"Crispy mini pretzels, a great snack any time of day.",13/6/2024
231271404,2024-11-06,782,1080p wireless security camera with night vision.,29/4/2024
81017478,2024-02-21,378,Stylish ankle strap heels for a classy look at any event.,10/5/2025
56004089,2025-11-26,940,"Fresh, creamy avocados ideal for salads and guacamole.",22/6/2025
104908163,2025-11-20,296,Lightweight water filter for outdoor adventures.,6/5/2025
113116218,2024-04-20,705,Complete grooming kit for dogs and cats.,5/5/2024
113110780,2024-03-28,248,Retro instant camera for capturing and printing photos instantly.,8/3/2025
62202082,2025-04-13,674,Compact and stylish indoor/outdoor fire pit for ambiance.,21/6/2025
65304084,2025-03-19,404,Frozen mix for quick berry smoothies.,8/3/2025
125106986,2025-07-11,239,Quick-cooking ramen for instant meals.,12/1/2025
101015020,2024-12-23,303,"A healthy oil extracted from avocados, ideal for frying and salads.",7/3/2024
101000035,2025-09-11,438,Love-themed molds for creating desserts and treats.,28/10/2024
67012099,2025-02-21,726,"A mix of wild rice with herbs and spices, ready to serve.",5/8/2025
61020786,2024-12-09,29,Savory lentil chips with BBQ flavor,8/1/2024
313172670,2025-04-03,417,"Trendy leggings with a unique graphic print, versatile for workouts and casual wear.",16/4/2024
67006238,2025-05-05,195,"Crunchy chips made from blue corn, perfect for dipping.",6/4/2024
81204126,2025-09-16,414,Personalized wooden puzzles for children that encourage learning.,24/2/2025
104906000,2024-09-27,706,Complete kit to make your own flavored lip balms at home.,6/2/2025
251473091,2024-02-29,852,Complete fondue set for chocolate and cheese parties.,5/9/2025
11075202,2024-04-04,540,Prevent water damage with drip trays for potted plants.,3/11/2025
231375290,2024-11-27,74,Stackable containers for organizing snacks and treats.,8/8/2024
71923336,2024-04-05,526,Handy dispenser for quick access to safety pins.,20/5/2024
71921244,2024-06-13,734,500-piece jigsaw puzzle featuring beautiful scenery.,22/6/2025
102303841,2025-04-06,559,Foam yoga block for enhancing poses and stability.,13/9/2025
101218856,2024-04-21,714,"Water-resistant jacket ideal for outdoor activities, featuring a packable design.",19/8/2024
101105600,2025-06-20,9,Essential ingredient for baking fluffy cakes and pastries.,23/7/2025
111304912,2025-11-29,125,Fresh and crunchy baby carrots ready for snacking.,20/4/2024
211391689,2024-08-15,920,"Savory pizza rolls filled with pepperoni and cheese, ready to bake and enjoy in minutes.",2/10/2024
107000796,2024-11-12,481,Set of two yoga blocks for increased stability and support.,7/5/2025
11002877,2024-03-15,870,"Savory, roasted nuts seasoned with garlic and parmesan.",15/12/2024
81221497,2025-10-25,936,A nutritious shake with rich chocolate and refreshing mint flavors.,4/11/2024
64109264,2024-01-27,399,Spacious duffle bag for weekend getaways.,31/5/2024
111904338,2025-02-25,169,Durable speaker designed for outdoor use with water resistance.,26/12/2025
67014123,2024-01-24,441,Lightweight and portable paddle board for water sports.,3/2/2024
74000010,2024-01-01,233,Magical lens kit for kids to explore the outdoors.,23/6/2025
101105817,2025-10-17,636,Eco-friendly charger that uses solar energy for powering devices.,27/10/2025
71904478,2024-12-26,18,"A light and tangy dressing with poppy seeds, perfect for salads.",13/5/2024
111302587,2025-10-15,486,Chewy snack bars with coconut and almonds coated in chocolate.,15/10/2024
21213397,2025-10-24,181,Stylish smartwatch with fitness tracking and notifications.,13/8/2024
53202305,2025-03-25,763,A flavorful lentil curry cooked with vegetables and spices.,20/8/2025
111923898,2024-10-24,550,Instant oatmeal cups with blueberries for an easy breakfast.,9/12/2024
65202791,2024-07-07,825,Keep bugs out while allowing fresh air in during summer.,24/2/2024
107000275,2025-09-18,743,"A zesty salsa made with peaches and mangos, great for chips.",6/1/2025
222371876,2024-08-12,774,Fresh organic blueberries perfect for snacking or baking.,8/2/2025
31204710,2024-09-27,497,Secure phone mount for your vehicle's dashboard.,4/9/2025
81211135,2025-09-03,6,Classic wooden building blocks for toddlers.,10/6/2024
51005012,2024-05-04,736,"Trendy high-low tee with a relaxed fit, ideal for weekends.",10/5/2024
65404418,2024-04-19,489,Versatile multi-tool with 15 different functions.,4/8/2025
114909505,2025-10-30,651,Nutritious and quick-cooking red lentils.,13/8/2025
11900254,2025-10-31,155,Refreshing sparkling water infused with cranberry and lime flavors.,30/5/2025
82901062,2024-06-04,64,"Crispy chicken bites, perfect for dipping.",30/6/2024
226070856,2024-07-21,241,Beginner-friendly drone with HD camera.,27/4/2025
53111988,2024-01-04,703,"Bartender kit with shaker, jigger, and strainer.",12/5/2024
65304385,2024-06-26,117,"Seasoned and roasted to perfection, ready to eat.",28/5/2025
51404419,2025-04-14,734,Finely ground flour from dried coconut meat.,8/4/2025
231372183,2024-03-28,828,Sweet and tangy mango chutney for a flavorful dip.,15/5/2025
91905512,2024-05-13,297,Just add water for delicious brownies.,1/11/2025
92902271,2024-02-08,877,Essential tools for outdoor barbecues including tongs and spatula.,28/6/2025
111316887,2024-08-27,85,Set of two yoga blocks for increased stability and support.,27/8/2025
64102740,2025-06-09,552,A mix to create a delicious onion dip for parties or snacking.,8/7/2025
71922955,2024-01-02,676,Essential tools for outdoor barbecues including tongs and spatula.,11/3/2025
71913650,2025-07-23,397,Sweet and savory sauce for marinating and glazing meats or vegetables.,18/11/2025
111925074,2024-05-16,114,"A spicy glaze made with sriracha and honey, perfect for meats.",16/9/2025
271070607,2024-02-27,772,Wi-Fi enabled plug for controlling devices from your smartphone.,27/9/2025
91404369,2024-10-22,335,Small fridge designed to keep skincare products cool and fresh.,2/12/2024
264172156,2024-09-24,724,Crispy and crunchy snack made from assorted vegetables.,26/12/2025
43308277,2024-05-23,4,"Lightweight, expandable hoses for easy handling.",24/5/2024
72408504,2024-11-15,223,Seal food and maintain freshness longer.,19/11/2024
101002949,2025-02-09,453,"Coffee blend infused with pumpkin spice, perfect for fall.",14/5/2024
101114879,2024-01-08,251,Handy keychain that emits a loud alarm for personal safety.,8/5/2025
92901078,2025-03-19,999,Cordless electric knife for effortless slicing.,16/7/2024
44072298,2025-02-25,936,"Fresh fruit salad, ready to eat and refreshing.",28/7/2024
65402339,2025-06-27,710,Compact wireless printer for home use.,1/11/2025
114912275,2024-05-18,700,Reusable mat that prevents food from sticking to the grill.,11/2/2024
61000227,2024-08-03,473,"A refreshing salad with chickpeas, cucumber, tomatoes, and a light vinaigrette dressing.",24/7/2024
65402892,2024-06-30,696,Portable desk that can be adjusted for sitting or standing.,14/9/2025
81503380,2024-02-08,627,High-quality voice recorder for lectures and meetings.,23/11/2025
61205255,2025-01-18,267,Versatile multi-cooker for pressure cooking and slow cooking.,25/10/2024
122240489,2025-03-09,442,Easy mix for making spicy beef tacos.,21/7/2025
65104116,2025-02-10,46,Whole grain oats that are perfect for breakfast or baking.,5/1/2024
102104600,2025-03-18,897,Compact electric pot for hot pot dining at home.,7/10/2024
102101111,2024-02-14,188,"Ready-to-eat beet salad with dressing, great side dish.",1/9/2025
67016354,2024-11-16,284,Reusable gel ice pack for injuries and cooling.,18/5/2025
122487226,2025-04-29,375,Relax and soothe tired feet with this foot spa.,17/12/2025
114000019,2025-02-22,499,Lightweight tripod designed for smartphone photography.,15/3/2024
121144340,2024-02-06,66,A refreshing sparkling beverage with a bold blood orange flavor.,4/2/2025
91204763,2024-09-11,65,Fun and colorful wall decals for children's rooms.,30/5/2025
253173661,2024-01-20,690,Soft cotton pajama set for cozy nights in.,15/7/2024
111914218,2025-07-19,420,"Crunchy granola clusters, perfect for snacking or topping yogurt.",15/4/2024
83905083,2024-10-31,453,Soft cotton pajama set for cozy nights in.,22/2/2024
67015546,2024-02-14,318,"Crunchy chips made from blue corn, perfect for dipping.",28/5/2025
21202191,2024-06-09,500,Crispy pastry filled with seasoned vegetables.,27/4/2024
75902735,2024-07-08,616,Vegetable spiralizer for healthy meals.,21/12/2024
86314367,2025-10-27,713,"Versatile canned black beans, ready to add to any dish.",22/12/2024
123203878,2024-10-08,560,"Lightly salted rice cakes, perfect for a healthy snack.",19/3/2024
122238200,2025-09-16,246,A gluten-free pizza crust made from cauliflower.,27/12/2024
211384162,2025-01-25,536,Lightweight and portable folding table for camping or picnics.,5/4/2024
113109131,2025-01-26,613,Wi-Fi camera with motion detection for home security.,24/8/2025
51000033,2025-05-02,485,Spicy buffalo sauce ideal for wings or dipping.,23/10/2024
96017719,2025-08-07,516,Frozen smoothie pack with strawberries and bananas.,27/4/2024
31307659,2025-05-27,73,Rechargeable screwdriver with multiple bits for DIY projects.,23/10/2025
84074395,2024-08-17,465,"Delicate ravioli filled with roasted butternut squash and spices, perfect with a sage butter sauce.",31/1/2024
21502011,2024-11-27,516,Sharp tailored blazer perfect for office wear and professional events.,29/4/2025
64109057,2024-08-06,106,Sharp tailored blazer perfect for office wear and professional events.,28/3/2025
102106569,2025-11-26,385,Fresh sliced strawberries for toppings or snacking,25/2/2025
81504693,2025-05-29,588,"Colorful veggie chips made from beets, carrots, and sweet potatoes.",6/3/2024
21100329,2024-01-03,387,Convenient hooks that utilize door space for hanging items.,30/12/2025
122241200,2024-08-10,993,"Refreshing apple juice, 100% juice with no added sugar.",1/3/2025
26010058,2025-05-08,192,Marinated chicken thighs with smoked paprika for a smoky flavor.,4/6/2024
91906760,2025-01-05,705,"A comfortable crew neck sweater, great for all seasons.",1/1/2025
221471104,2025-12-08,351,"Fresh green cabbage, great for salads and slaws.",29/6/2025
111910092,2025-11-13,496,Durable apron to keep clothes clean while cooking.,13/3/2024
114904979,2024-11-06,802,Tender ribs smothered in a honey barbecue sauce.,14/6/2024
82903536,2025-04-22,755,Stylish wall art to enhance home decor.,16/12/2024
122241941,2025-07-05,604,High-capacity power bank for charging devices on the go.,21/4/2024
111924473,2025-05-30,550,"Wide egg noodles, perfect for casseroles and soups.",5/8/2025
221371165,2024-12-02,63,Spicy cornbread infused with jalapeños for a kick of flavor at your next meal.,20/4/2024
21202719,2025-05-15,378,Natural honey sourced from wildflowers.,20/8/2025
53102463,2024-05-16,912,Dairy-free cheese alternative for your favorite dishes.,15/8/2025
11100106,2025-01-31,660,Natural fruit spread bursting with real strawberry flavor.,18/12/2025
82908625,2024-11-18,265,"A delightful mix of chocolate, coconut, and almonds in a snack bar.",11/8/2024
101103068,2025-08-16,494,"Pizza topped with barbecue chicken, cheese, and red onions.",14/9/2024
72405662,2024-06-22,622,Programmable pet feeder for scheduled meals.,17/11/2025
31307866,2025-07-03,440,Frozen mix of colorful stir-fry veggies.,7/3/2025
21902352,2025-02-12,465,Magical lens kit for kids to explore the outdoors.,10/6/2025
104111769,2024-03-29,764,Practical organizer for keeping your home tidy and clutter-free.,26/2/2024
31914437,2025-10-05,465,Effective brush for removing loose hair from pets.,11/8/2025
53112136,2024-10-03,574,Lightweight and durable hammock for relaxing in nature.,25/1/2025
84205766,2024-08-07,166,Comfortable camping mattress that inflates automatically.,6/2/2025
21309379,2024-02-04,382,Quick-cooking couscous flavored with herbs and spices.,29/3/2024
323270300,2024-03-03,990,Durable jump rope with built-in counter for workouts.,24/2/2025
107003418,2025-04-24,617,Vegan sushi filled with spicy vegetables and avocado.,24/1/2024
111313479,2024-03-29,514,Spicy chili sauce for an extra kick in your meals.,7/6/2025
112024437,2024-03-04,489,Sharp tailored blazer perfect for office wear and professional events.,1/8/2025
211170114,2024-11-14,490,"Instant oats with a savory twist, such as herbs and spices.",17/4/2025
113110641,2024-05-19,842,A comforting soup filled with chicken and noodles in broth.,18/5/2025
26013673,2024-11-16,111,Programmable digital thermostat for home heating.,20/5/2025
321379494,2024-08-26,268,Delicious bacon with a rich applewood smoked flavor.,20/9/2025
111306059,2024-03-16,745,"Soft and fluffy whole wheat pita bread, great for wraps.",31/5/2025
65106680,2025-06-21,29,"Plain white rice, a staple for any meal.",25/2/2024
107006091,2024-03-07,127,A hearty soup made with organic lentils and vegetables.,7/1/2025
75912165,2025-09-21,422,"Flavorful rice mixed with coconut and lime, a tropical side dish.",1/6/2024
104908082,2024-03-14,570,Soft silicone earbud covers for comfort and fit.,30/5/2024
62205908,2025-11-14,970,Energy-efficient infrared heater for home use.,31/3/2025
122203507,2025-06-28,562,Compact hair dryer with multiple heat settings.,10/10/2024
67009280,2024-01-01,22,"No-bake energy balls made with oats, chocolate chips, and honey.",21/10/2024
11302357,2024-11-06,182,A stunning lace dress perfect for special occasions.,4/2/2024
75912233,2024-03-11,47,"Spiralized zucchini, a healthy alternative to pasta.",28/3/2025
322282768,2024-06-27,754,"Crunchy tortilla chips with a hint of sea salt, great with dips.",27/9/2025
73903749,2024-07-11,733,Compact blender that comes with travel cups for smoothies.,21/2/2024
81518469,2025-01-14,42,"A delicious creamy dip featuring spinach and artichokes, perfect for parties.",12/5/2025
67016040,2025-10-26,500,"Crumbled feta cheese, perfect for salads and Mediterranean dishes.",20/1/2025
86518749,2024-03-17,736,Spreadable cream cheese with garlic and herbs.,3/4/2025
231373069,2025-08-04,766,Set of stylish throw pillows for home decor.,17/8/2024
113123625,2025-05-03,665,Secure digital wireless security camera system.,12/2/2024
111902000,2025-11-13,477,Boost your Wi-Fi signal for better coverage.,18/8/2024
62202257,2025-04-19,207,Eco-friendly silicone bags for food storage and snacks.,30/7/2025
125107079,2025-11-29,469,Bluetooth scale that tracks body composition through an app.,16/10/2024
54001204,2025-12-30,60,A gluten-free pizza crust made from cauliflower.,5/4/2024
111921230,2024-08-11,952,"Sweet and gooey cinnamon rolls, ready to bake.",30/3/2024
113024407,2025-05-13,543,Crunchy seeds perfect for toppings and baking.,7/12/2024
221271469,2025-11-13,94,"Nutty flavored chia seeds, packed with nutrients.",23/7/2024
231375520,2024-09-17,913,Marinated chicken thighs with smoked paprika for a smoky flavor.,6/7/2025
43309975,2025-03-13,832,Soft glow night light for children's rooms or bedside.,9/2/2024
113010217,2025-10-11,922,Homemade ice cream maker for delicious desserts.,13/3/2024
101104436,2025-08-02,845,Instant-read thermometer for accurate cooking temperatures.,21/10/2025
53112385,2024-03-21,835,Delicious canned pineapple rings for desserts or salads.,24/2/2025
83903690,2024-10-05,13,Comprehensive tool set for gardening enthusiasts.,6/8/2024
71100719,2025-05-10,991,Salsa made with fire-roasted tomatoes for an authentic flavor.,20/3/2024
125200947,2024-12-24,491,Bold combat boots that make a statement with any outfit.,25/10/2024
102000937,2025-04-25,401,Comfortable kneeling pad for gardening or home projects.,16/11/2024
26007906,2025-10-16,784,Easy-to-heat frozen burritos for a quick meal.,16/3/2025
63109430,2025-08-11,618,Single-serve coffee maker with a built-in grinder.,13/11/2024
103112617,2025-05-25,303,"A sweet and tart jam, perfect on toast or in desserts.",8/9/2025
44106384,2025-10-16,64,Automated litter box that cleans itself after each use.,12/5/2025
41205673,2024-01-05,772,Filters allergens and pollutants from the air for a healthier home.,11/5/2025
267084199,2025-02-12,527,Crispy dill pickles that are perfect for snacking or sandwiches.,13/5/2024
242272272,2025-05-27,948,Rechargeable hand warmer for cold weather comfort.,7/11/2025
91213039,2024-11-23,750,Nutritious snack bar made with almond butter and protein.,6/5/2024
111307430,2024-12-19,458,"Crunchy tortilla chips with a hint of sea salt, great with dips.",3/10/2025
84107246,2024-05-02,90,"Sweet and chewy taffy flavored like caramel apples, great for fall.",14/10/2025
31303763,2024-04-11,166,Travel-friendly water bottle for pets on the go.,1/12/2024
103101482,2024-12-15,442,A mix of tropical fruits for a refreshing snack or dessert.,9/11/2025
111311743,2025-03-08,765,Lightweight and slim monitor ideal for dual-screen setups.,9/2/2025
113000609,2024-10-11,598,"Soft and fluffy whole wheat pita bread, great for wraps.",13/3/2024
113112995,2025-12-18,265,"Shrimp marinated in a honey garlic sauce, ready to cook.",10/3/2025
111906271,2024-08-27,424,Leak-proof bottles for travel-sized toiletries.,24/1/2024
271971560,2024-12-10,656,Fine granulated sugar for all your baking needs.,27/1/2024
73921190,2025-10-06,512,Stylish markers for labeling your indoor garden plants.,30/4/2024
31305347,2024-04-01,683,"Classic A-line skirt that flatters every figure, perfect for work or play.",13/10/2024
122243457,2025-08-03,122,A refreshing sparkling beverage with a bold blood orange flavor.,30/6/2024
72412927,2025-01-16,983,"Tender sweet corn kernels, ready to eat or add to dishes.",13/5/2025
113114647,2024-07-13,431,"Savory, protein-rich beef jerky for on-the-go snacking.",28/2/2024
123103716,2024-10-09,792,Durable speaker designed for outdoor use with water resistance.,21/10/2025
71000039,2024-02-25,883,Reusable gel ice pack for injuries and cooling.,15/4/2024
253171430,2024-05-01,539,Set of resistance bands for versatile strength training workouts.,31/7/2025
64208301,2025-02-12,823,Compact hair straightener for travel.,25/8/2024
73921226,2025-08-03,898,Eco-friendly reusable bags for snacks.,22/10/2025
74903890,2025-08-10,541,Electric kettle that offers precise temperature settings.,20/3/2024
322275678,2024-12-01,789,Creamy Greek yogurt infused with raspberry and vanilla flavors.,20/6/2024
64003962,2025-12-06,374,Hearty casserole with beef and enchilada sauce.,8/2/2024
53111674,2025-10-04,337,Eco-friendly string lights for outdoor decor.,11/6/2024
101001911,2024-04-13,975,Wi-Fi enabled thermostat for energy-saving temperature control.,31/1/2025
86518723,2025-01-27,141,Spicy and smoky sausage great for grilling.,6/9/2024
104900886,2024-05-03,64,Ceramic incense holder for a calming atmosphere.,11/10/2025
103103396,2024-11-20,10,Multi-level cat tree for climbing and scratching.,3/3/2025
42174509,2025-02-07,499,Programmable pet feeder for scheduled meals.,15/2/2024
84302122,2025-06-19,105,A blend of spices perfect for seasoning steak.,1/1/2025
104907562,2024-01-22,644,Tangy and crunchy dill pickles.,24/2/2024
322280485,2024-12-28,289,Stylish bookends to keep books organized on shelves.,29/3/2025
91804147,2024-07-04,899,Soft and breathable pillowcase for body pillows.,30/12/2024
111300880,2024-04-22,639,A flavorful sauce made with coconut milk and spices.,5/1/2025
112205764,2025-09-29,575,"A refreshing salad with chickpeas, cucumber, tomatoes, and a light vinaigrette dressing.",24/1/2024
102107474,2025-03-19,626,"Flavorful lentil soup, perfect for a quick meal.",31/5/2025
122101706,2024-09-20,406,"Roasted pistachios, a healthy and tasty snack.",15/7/2024
61121054,2025-08-29,524,"Nutty, crunchy pecans great for baking.",8/5/2025
122203950,2025-05-05,867,"Low-carb zucchini noodles, perfect for a healthy alternative to pasta.",12/5/2024
111311413,2025-01-26,266,Insulated mug to keep drinks hot on the go.,16/9/2024
21908288,2024-07-07,826,Hearty casserole with beef and enchilada sauce.,29/8/2024
211672531,2024-06-15,922,Hands-on experience with science and engineering projects.,25/4/2024
91818117,2024-12-02,423,Tangy whole grain mustard for sandwiches and dressings.,21/9/2024
42107657,2024-09-24,833,Comprehensive tool set for gardening enthusiasts.,27/1/2024
91901202,2025-12-24,61,Cute fairy figurines to decorate your garden or potted plants.,16/2/2024
21307708,2025-06-10,248,Comfortable pillow with built-in massage features.,15/4/2024
241272079,2025-12-30,739,Multi-functional tool for emergency situations in the car.,7/2/2025
64101385,2025-01-15,598,Frozen chicken wings with garlic parmesan sauce.,19/3/2024
21502011,2025-04-07,136,Tender carrots glazed with a sweet maple sauce.,3/10/2025
113123560,2024-03-30,623,"Crunchy and sweet banana chips, a great on-the-go snack.",1/9/2025
113121384,2024-01-04,726,"Refreshing tea with honey and lemon flavor, perfect for a warm drink.",20/3/2024
11600868,2024-01-20,59,A mix of frozen roasted vegetables for an easy side dish.,21/5/2024
101104795,2024-11-07,642,"Creamy ranch dressing, perfect for salads and dips.",22/5/2025
91215529,2025-08-07,282,"Decadent brownies made without gluten, rich and chocolatey.",5/4/2024
103102106,2025-05-27,673,Make delicious ice cream at home with this user-friendly machine.,20/1/2025
53101341,2024-02-01,522,DIY kit to make your own elderberry syrup.,25/6/2025
91409681,2025-03-19,480,Frozen mini meatballs that are great as a snack or in pasta dishes.,17/2/2025
111302545,2025-10-04,43,Multi-functional grater for cheese and vegetables.,30/9/2024
71117760,2025-02-24,806,Creamy pistachio-flavored ice cream with real nuts.,16/11/2024
53174103,2024-02-03,253,Durable apron to keep clothes clean while cooking.,19/7/2025
42107657,2024-12-30,548,Comfortable wireless headphones designed for sleeping.,28/2/2024
103112992,2024-08-30,333,Classic chino shorts in a versatile color for summer adventures.,31/10/2025
107006981,2024-11-15,562,Spreadable cream cheese blended with garlic and herbs.,6/10/2025
53012087,2024-12-20,488,Spicy chili sauce for an extra kick in your meals.,9/9/2024
72402076,2025-06-10,605,Beginner telescope for stargazing and exploring.,1/1/2024
111307317,2024-08-19,125,A mix of frozen roasted vegetables for an easy side dish.,21/9/2025
65405381,2025-03-18,856,Fun decorations for Halloween to set a spooky atmosphere.,26/2/2024
82901897,2025-11-28,320,Comfortable pet bed for small to medium-sized dogs.,6/7/2025
71925745,2024-04-07,366,"Crispy fries tossed in truffle oil and parmesan, a gourmet snack.",13/11/2024
91800293,2025-02-04,348,Illuminated vanity mirror with adjustable brightness settings.,23/7/2024
122237748,2025-02-12,518,Crispy and delicious biscotti flavored with cranberry and almond.,29/2/2024
211371638,2024-12-04,741,Juicy raisins coated in rich dark chocolate.,4/4/2024
66010351,2025-04-27,722,DIY kit to make your own lip balms in various flavors.,29/9/2025
72409888,2024-04-06,121,Set of ceramic knives for precision slicing.,28/7/2024
61206843,2025-08-16,123,Ergonomic footrest for easier pedicure treatment.,2/11/2024
82901596,2024-02-21,649,Shredded cabbage and carrots for coleslaw.,29/5/2025
91800329,2025-07-09,266,Functional leggings designed for maximum comfort during workouts.,14/10/2025
104904442,2024-08-15,232,Rich and creamy chocolate fudge ice cream for dessert.,23/4/2024
11110688,2025-09-26,479,Classic marshmallow treats made with crispy rice.,5/9/2024
72407123,2024-05-03,834,Homemade ice cream maker for delicious desserts.,1/9/2024
111926086,2025-11-22,688,UV light sanitizer for phones and small items.,14/1/2024
322281057,2024-01-28,844,Lightweight windbreaker for outdoor activities.,5/8/2025
21202162,2025-02-27,814,Rich and flavorful pasta sauce made with ripe tomatoes and basil.,6/8/2025
65305436,2024-05-02,999,"A hearty soup filled with vegetables and herbs, perfect for a light meal.",14/5/2025
61104987,2024-09-28,274,Travel-friendly water bottle for pets on the go.,9/4/2025
91909217,2025-02-03,611,Set of brush pens for colorful and creative painting.,16/12/2024
321070007,2024-08-05,30,"A mix of grilled vegetables, ready to heat for quick side dishes.",1/2/2025
101201164,2024-12-31,851,Complete meal kit with everything needed to make beef stroganoff in under 30 minutes.,15/9/2025
71920957,2025-03-05,629,Essential oil blends for a soothing atmosphere in your home.,23/10/2024
281371972,2025-07-22,239,Space-saving shoe organizer for tight spaces.,11/11/2024
103102889,2024-01-13,705,"Baked kale chips seasoned for a healthy, crunchy snack.",26/2/2024
242071004,2025-06-16,417,Custom engraved ID tags for pets with your contact information.,25/12/2024
67092035,2025-08-03,481,Chewy snack bars with coconut and almonds coated in chocolate.,7/10/2024
111915709,2024-08-15,951,"Sweet bread with cinnamon and raisins, great for breakfast or snacks.",29/4/2024
113125380,2024-09-16,875,USB hub for expanding ports on computers and laptops.,5/10/2024
44000642,2024-06-10,992,Durable and versatile food storage containers.,15/1/2024
28001081,2024-09-05,931,Comprehensive first aid kit for home or travel emergencies.,28/7/2024
11002550,2024-10-29,623,Bottle that tracks your water intake and reminds you to drink.,24/9/2024
84201278,2024-03-05,877,Fresh greens and veggies for a quick Asian-inspired salad.,7/3/2025
104908082,2025-12-18,142,Compact keyboard for tablets and smartphones.,25/3/2024
71909198,2024-09-04,594,"A frozen cheesy bake made with cauliflower, great as a side dish or a vegetarian meal.",27/7/2024
64108605,2025-11-04,916,Fairy lights perfect for decorating patios and backyards.,7/6/2024
31301998,2025-02-22,141,"A trendy fanny pack, perfect for hands-free outings.",27/1/2024
71925871,2025-01-21,635,Stone-ground mustard infused with craft beer for a gourmet touch.,27/3/2025
56004720,2023-12-31,589,Handy belt for carrying garden tools while working.,15/6/2025
71901882,2024-10-19,729,Comprehensive emergency kit for roadside assistance.,18/8/2024
111909825,2025-02-19,219,Heavy-duty bicycle lock for security.,7/2/2024
91901972,2025-11-12,354,Sharp tailored blazer perfect for office wear and professional events.,14/9/2025
53101396,2025-09-24,370,"Fluffy quinoa mixed with lemon zest and herbs, a perfect side.",22/10/2024
104900721,2025-01-08,442,Eco-friendly bamboo cutting board for food prep.,13/9/2024
121000345,2025-04-25,173,Roasted almonds coated in a sweet maple and cinnamon mixture.,19/1/2024
122105760,2025-08-24,918,Maintain freshness and dispense cereal easily.,12/8/2024
64201560,2025-08-05,381,High-quality headphones that block out external noise for immersive listening.,21/9/2024
65302154,2025-02-10,837,"Crunchy pretzels coated in rich chocolate, a sweet treat.",12/2/2025
82901855,2024-09-06,682,Eco-friendly coffee filter for brewing.,5/10/2025
81001714,2025-11-23,100,Creamy yogurt made with coconut milk,27/4/2024
53103637,2025-08-12,102,"Crispy sweet potato fries, perfectly seasoned and baked to perfection.",13/4/2024
211371191,2024-01-15,279,"Creamy and smooth peanut butter, perfect for sandwiches.",23/3/2024
221572702,2025-01-11,573,Hearty chili made with premium ground beef and kidney beans.,29/7/2024
73918569,2025-12-25,808,Effective brush for removing loose hair from pets.,24/11/2025
91311135,2025-11-23,567,Crunchy pretzel nuggets filled with creamy peanut butter.,20/11/2025
62201397,2025-12-03,930,3D model puzzle kit for creative builders.,30/9/2025
114902528,2025-10-13,875,Just add water for a quick pasta sauce.,30/1/2024
65301155,2025-06-22,54,Bluetooth speakers with excellent sound quality.,26/2/2025
242272489,2025-02-03,455,Foldable reclining camping chair with cup holder.,9/11/2024
71002503,2025-06-02,96,Portable ring light that enhances your photos with perfect lighting.,15/12/2024
253278498,2025-12-23,495,Durable jump rope for cardio workouts.,1/1/2025
53111577,2025-04-02,884,Beginner telescope for stargazing and exploring.,9/10/2025
71100010,2024-01-31,424,Eco-friendly electric bike with a 30-mile range.,24/3/2024
21206993,2025-08-21,345,Eco-friendly reusable bags for snacks.,14/3/2024
122106125,2025-02-15,868,Comfortable kneeling pad for gardening or home projects.,17/7/2025
81001727,2024-09-15,439,Convenient water bottle for pets on the go.,1/6/2024
11807043,2024-06-20,391,Stylish stand to hold your recipes while cooking.,12/2/2025
96017719,2025-01-23,217,"Creamy vanilla fudge, a sweet treat for all occasions.",24/12/2024
31302955,2025-09-19,669,Water bottle that tracks your hydration levels.,26/10/2024
211172785,2025-04-03,583,A refreshing salad made with quinoa and seasonal veggies.,19/2/2024
64107091,2024-01-12,748,Scented bath salts for relaxation and self-care.,18/5/2025
84201977,2025-05-30,945,Eco-friendly soy candles with a variety of scents.,18/2/2025
73921860,2024-01-13,161,Energy-efficient lights to illuminate outdoor areas.,18/11/2025
62104520,2025-08-27,850,Timeless belted trench coat for a polished look during fall.,23/11/2025
81221497,2024-09-09,475,Hand-poured candles made of natural soy wax.,15/10/2025
244172095,2025-10-06,501,Complete set for garden care with a handy carrying bag.,24/11/2025
113012503,2025-12-11,329,"Heavy-duty rope suitable for boating, camping, and general use.",26/11/2025
72400421,2025-08-22,12,Protective gaiters to keep dirt and debris out of shoes during hikes.,7/10/2024
102101823,2024-08-17,731,Large stir fry pan with non-stick surface.,11/2/2025
121202185,2025-04-25,730,Travel-friendly water bottle for pets on the go.,12/10/2025
211970194,2024-10-30,873,Cute dispenser for bathrooms or kitchens featuring paw prints.,28/2/2025
51403465,2024-12-20,895,Eco-friendly mesh bags for shopping produce at the market.,11/2/2025
43302493,2024-09-30,770,3-inch memory foam mattress topper for added comfort.,4/12/2024
11801052,2024-09-17,43,"Pitted black olives, perfect for salads and pizzas.",19/10/2025
21207028,2024-03-14,507,Wi-Fi smart scale for tracking weight and BMI.,25/7/2025
114024969,2024-10-29,714,Complete kit for crafting your own scented soaps.,3/5/2025
64202682,2024-03-19,535,"Pasta alternative made from sweet potatoes, gluten-free and rich in flavor.",12/3/2024
91803818,2025-02-18,936,Natural fruit spread bursting with real strawberry flavor.,19/8/2025
81905069,2025-01-14,392,Delicious veggie burger patties for grilling or frying.,15/11/2024
51405272,2025-01-06,959,Folding massage table for professional or home use.,12/3/2024
122101010,2025-07-01,348,Marinated chicken skewers infused with traditional tandoori spices.,5/9/2024
111324293,2025-11-01,827,"Fresh and crunchy cucumbers, great for salads.",7/10/2025
211170185,2024-03-01,685,A flavorful barbecue sauce with a sweet and spicy kick.,7/7/2024
104110922,2024-01-10,904,"A sweet and spicy sauce, great for dipping or cooking.",19/9/2024
74905225,2025-06-15,210,Microwaveable heat pad for soothing muscle aches.,21/3/2024
123206613,2024-12-06,477,"Bright and fragrant cilantro, great for garnishes.",6/1/2025
111322965,2025-04-13,524,Convenient electric screwdriver for DIY projects at home.,30/12/2024
53112314,2025-04-17,61,Everything you need to make your own candles.,22/3/2024
113000023,2025-03-19,39,Low-calorie rice cake for snacks.,5/12/2024
111322813,2025-04-27,661,"Freshly baked rustic bread, perfect for sandwiches or dipping in olive oil.",10/9/2024
64108964,2024-03-31,298,Eco-friendly meal prep containers for healthy eating.,11/11/2025
122243321,2025-05-13,376,Sweetened powder for refreshing lemonade.,22/1/2025
53110303,2024-11-15,335,Light and fluffy popcorn coated in aged white cheddar.,16/1/2024
51402974,2025-12-04,961,Stay dry with these stylish waterproof rain boots.,9/11/2024
31001175,2024-04-20,526,Secure phone mount for your vehicle's dashboard.,17/5/2025
42108559,2025-12-23,443,"Tender jackfruit cooked in BBQ sauce, a delicious plant-based alternative.",27/8/2024
64103833,2024-11-11,591,Classic wooden building blocks for toddlers.,6/5/2025
123206901,2025-04-29,237,Soft comforter set for a cozy bedroom look.,22/8/2025
71925538,2024-06-05,130,Gentle glove for brushing and massaging your pet.,28/7/2025
64102601,2024-02-18,784,Comfortable hiking boots for outdoor adventures.,28/5/2024
61103357,2024-01-22,739,Bright safety vest for outdoor visibility during any activity.,6/1/2025
111103210,2025-04-24,879,Elegant glass decanter for aerating wine.,23/7/2024
65002030,2024-10-02,657,Crunchy seeds perfect for toppings and baking.,10/4/2024
91806242,2025-08-06,976,"Healthy salad made with chickpeas, vegetables, and a lemon dressing.",5/3/2025
57004680,2024-02-17,121,"Creamy yogurt made from almond milk, vegan-friendly.",8/3/2024
91915612,2025-12-14,582,Eco-friendly bamboo cutting board for food prep.,7/5/2024
53109877,2025-04-12,351,Organizational cubes for easy packing and travel.,21/2/2025
102101645,2025-02-13,485,Soft corner protectors to keep babies safe at home.,14/8/2024
41200775,2025-10-17,707,Lightweight tripod designed for smartphone photography.,23/5/2025
72413777,2025-10-31,873,Compact campfire for grilling and warmth during camping trips.,2/6/2025
63115123,2025-07-04,979,"A trendy fanny pack, perfect for hands-free outings.",10/2/2024
65405491,2024-08-02,779,"Fresh salsa made with tomatoes, onions, and cilantro.",12/3/2024
61119888,2025-10-12,495,"Crispy sweet potato bites, delicious as a side or snack.",12/11/2025
111103058,2025-06-10,806,Freshly baked artisan bread with a crisp crust and soft center.,22/7/2024
124303065,2024-07-13,892,Nutty granola bars for healthy snacking.,7/8/2025
51904524,2025-04-15,938,Color-changing 3D night light for kids' rooms.,29/6/2025
82901635,2025-06-02,69,Convert your desk to a standing desk easily.,8/4/2025
321173205,2025-07-01,508,"All-in-one meal kit including pasta, meatballs, and sauce for a quick dinner.",18/3/2024
111908004,2024-02-20,371,Corn on the cob seasoned with chili and lime for a spicy kick.,6/7/2024
121000044,2025-06-29,610,"Sweet and chewy dried mango slices, perfect for snacking.",27/7/2024
283972162,2024-09-08,196,Ready-to-eat chicken bowl with teriyaki sauce and rice.,14/1/2024
53112039,2025-05-03,842,Comfortable headset with surround sound for immersive gaming.,11/4/2024
104902062,2025-12-19,721,Non-contact thermometer for checking temperatures instantly.,14/5/2025
102102013,2025-10-25,286,"Smooth soup made from carrots and ginger, great for cold days.",19/9/2024
111926112,2025-02-24,614,"Gluten-free pasta made from lentils, high in protein.",30/11/2025
31309385,2025-04-26,390,"A flavorful garlic butter blend, perfect for cooking or baking.",6/1/2025
31300562,2025-11-18,881,A protein-packed pancake mix for a nutritious breakfast.,12/8/2025
64208437,2024-10-03,385,"Sweet and fruity peach preserves, perfect for spreading on toast.",13/8/2024
71925224,2025-01-15,282,"Fresh and organic sweet potatoes, ideal for roasting.",11/4/2024
122242092,2025-08-24,719,Cozy wool sweater to keep you warm on chilly days.,6/7/2025
62202956,2024-06-24,633,Fun inflatable cooler to keep drinks cold at parties.,19/1/2025
21101425,2024-12-25,498,Savory sauce perfect for pasta or dipping.,23/10/2024
72413557,2024-10-10,139,Complete sculpting tools for artists.,1/10/2025
91304634,2025-11-27,703,Eco-friendly string lights for outdoor decor.,8/2/2025
11307116,2025-05-27,222,Convenient carrier for transporting yoga mat.,24/9/2024
72409794,2024-01-09,115,Healthier way to make popcorn in the microwave without oil.,5/4/2024
11110659,2024-03-05,766,"Sweet and savory carrots glazed in honey, perfect as a side dish.",12/5/2024
55002244,2024-05-21,520,"Fresh and zesty salsa, perfect for nachos.",4/10/2024
221270318,2024-10-01,664,Monthly subscription for freshly roasted coffee delivered to your door.,4/10/2024
73921763,2024-07-02,340,Crispy chicken nuggets for quick meals.,22/4/2025
113123065,2025-09-24,75,Juicy and tender boneless chicken breasts.,18/7/2025
64202514,2024-03-29,928,Warm oatmeal flavored with apple and cinnamon.,28/12/2024
221571473,2025-06-19,966,Essential tools for outdoor barbecues including tongs and spatula.,10/3/2024
121142850,2024-04-02,805,Flavorful sauce perfect for stir-frying vegetables and tofu.,17/1/2024
26007906,2024-01-29,532,Qi-certified charger for fast wireless charging of smartphones.,23/7/2025
72413654,2024-12-28,741,Lightweight yoga mat for practicing on the go.,14/11/2025
63113138,2024-07-29,978,Set of two yoga blocks for increased stability and support.,11/12/2025
111301122,2024-12-22,881,Durable bag for carrying your yoga mat and accessories.,3/11/2025
122201198,2025-07-23,965,Classic fit blue jeans with a slight stretch for comfort and durability.,9/9/2025
211872027,2025-07-17,297,Adjustable tripod with remote shutter for smartphones.,26/8/2024
113100745,2024-04-12,308,"Light and crispy chips made from quinoa, ideal for dipping.",16/2/2025
111925359,2025-10-21,813,Freshly baked artisan bread with a crisp crust and soft center.,30/6/2024
31317380,2024-01-27,430,"Tangy green salsa made with tomatillos, perfect for tacos.",22/12/2025
321070007,2025-02-12,751,Fresh sushi rolls filled with a variety of vegetables.,9/6/2024
122241912,2025-01-08,481,A blend of mixed nuts for snacking.,5/3/2025
72413557,2025-12-28,795,A refreshing sparkling beverage with a bold blood orange flavor.,4/1/2024
21213397,2024-09-15,386,Fresh organic cucumber perfect for salads or snacking.,27/11/2025
111310841,2025-04-17,110,Delicious cookies with cranberries and almonds in every bite.,14/5/2024
243373222,2024-08-04,822,Waterproof cover to protect car seats from pet hair and dirt.,31/10/2025
267091221,2025-10-03,201,"Fresh artisan bread, perfect for sandwiches",16/6/2024
63014499,2025-07-08,558,Crunchy granola with pumpkin spice flavor.,11/8/2024
84202248,2025-08-25,212,"Precision pencils for drawing, sketching, and writing.",13/8/2025
61220489,2024-06-30,362,Comfortable pet carrier for travel and vet visits.,12/2/2024
42201854,2025-12-10,434,Control lights remotely with this smart switch.,9/8/2025
91308795,2025-12-27,525,"Bright and fragrant cilantro, great for garnishes.",24/8/2024
92901078,2024-06-15,868,Refreshing coconut water packed with electrolytes for hydration.,21/12/2025
71905040,2024-12-29,81,Manual pasta maker for homemade pasta.,20/12/2025
63116452,2025-06-18,470,"A mix of grilled vegetables, ready to heat for quick side dishes.",14/11/2025
26002927,2025-01-24,953,"A classic soup combining tomatoes and basil, great with grilled cheese sandwiches.",29/10/2025
116325666,2024-07-27,315,Ergonomic memory foam pillow for better sleep.,21/3/2025
67014987,2024-02-22,837,"A refreshing drink mix that combines sweet raspberries and tart lemons, perfect for summer.",16/8/2024
67014181,2024-01-25,839,Complete set for mixing cocktails at home.,10/9/2025
111908172,2025-10-06,144,Creamy peach-flavored yogurt with real fruit.,25/11/2024
43001024,2025-12-07,754,Stability ball for Pilates and yoga workouts.,5/5/2025
61203325,2025-05-25,925,Easy mix for making spicy beef tacos.,2/10/2024
52101588,2024-10-08,873,"Lean and versatile ground turkey, perfect for various dishes.",5/8/2024
114905499,2025-02-11,82,Breathable mesh sports leggings for ultimate comfort.,21/7/2025
53100685,2025-01-04,218,Blender designed for smoothies and shakes on the go.,27/6/2025
71112105,2025-01-07,670,Ergonomic desk that adjusts height for standing or sitting.,11/10/2024
61300367,2025-12-08,203,Rugged phone case for drop protection.,28/7/2024
101212153,2024-11-20,968,"A mix of grilled vegetables, ready to heat for quick side dishes.",12/12/2025
64101194,2025-04-24,605,Color-changing 3D night light for kids' rooms.,19/7/2025
113102442,2024-01-20,919,A sweet and spicy sauce for dipping or glazing.,22/2/2024
21309379,2024-08-05,890,Frozen smoothie pack with strawberries and bananas.,17/12/2025
71004349,2024-02-20,592,Portable water bottle for pets when traveling.,26/2/2024
114993906,2024-11-15,437,A cozy cable knit beanie to keep your head warm in winter.,22/7/2025
102300268,2024-02-12,103,Complete set of gardening tools for outdoor tasks.,24/6/2025
123204110,2024-02-01,463,Convertible kneeler and seat for gardening comfort.,30/3/2025
101206800,2025-08-09,164,"Savory hash made with sweet potatoes and kale, a perfect side dish.",13/6/2024
73903325,2025-01-10,30,Compact knife with safety lock for everyday use.,25/5/2025
71900456,2025-09-22,475,Automatic waterer that filters and provides fresh drinking water for pets.,23/7/2024
54000551,2025-05-10,11,"A delightful mix of chocolate, coconut, and almonds in a snack bar.",10/2/2024
62000116,2024-06-09,730,Organize your board games with this storage bin.,1/10/2025
321170282,2024-05-06,784,"Crunchy pretzels coated in rich chocolate, a sweet treat.",12/4/2025
82907273,2024-08-11,908,"Fresh Brussels sprouts, great for roasting or steaming.",21/11/2025
103110046,2024-06-01,180,"A zesty salad with black beans, corn, and chipotle dressing.",26/12/2024
63107623,2025-05-07,965,Essential survival gear kit for emergencies.,17/12/2025
51400646,2024-04-18,230,Vegan sushi filled with spicy vegetables and avocado.,11/6/2024
21305386,2024-04-13,939,"A tangy sauce made with cranberries and citrus zest, perfect for turkey and chicken dishes.",12/1/2025
71922256,2025-07-06,943,Eco-friendly charger that uses solar energy for powering devices.,20/7/2025
111907445,2025-07-13,831,Microwaveable heating pad for muscle pain relief and relaxation.,12/1/2025
91908399,2024-01-26,203,"Crunchy chips made from blue corn, perfect for dipping.",18/6/2024
101014733,2025-04-17,142,Assorted fruit-flavored gummy snacks that kids love.,28/7/2025
111313479,2025-12-25,881,Wearable diffuser for scenting your space and body.,29/3/2025
121144528,2024-05-03,709,Quick and easy rice pilaf mix for side dishes.,29/2/2024
41002203,2025-03-27,770,Adjustable tripod for smartphones and cameras.,1/12/2025
11801052,2025-03-12,93,Savory wraps with buffalo chicken and fresh vegetables.,12/12/2024
73904890,2025-01-14,474,Durable jump rope for cardio workouts.,19/3/2025
221172610,2024-10-15,954,"Creamy ricotta cheese, great for cooking or making desserts.",20/3/2025
26013165,2024-12-28,195,Ready-to-bake cookie dough packed with chocolate chips.,4/3/2025
71923284,2025-04-25,477,Crunchy granola with chocolate and hazelnuts for breakfast.,13/10/2024
91911959,2024-05-29,161,Delicious noodles tossed in a sesamegarlic sauce.,13/5/2025
65403370,2025-06-06,923,Complete station with supplies for kids' art projects.,28/1/2024
125107037,2024-10-25,284,High-quality whole wheat flour for baking and cooking.,19/2/2024
101111348,2024-07-05,404,Hearty minestrone soup loaded with vegetables and pasta.,23/11/2025
111908091,2024-05-02,886,A mix of frozen roasted vegetables for an easy side dish.,12/2/2024
63115686,2025-02-14,859,Magnetic puzzle assembly board for kids.,8/10/2024
113024504,2024-03-04,421,A blend of spices that brings the taste of fall to your baked goods.,5/7/2025
91804833,2025-12-05,65,Foldable chair equipped with a cooler pouch.,15/2/2024
107003298,2024-11-12,348,Grilled chicken skewers glazed with teriyaki sauce.,29/8/2025
103102481,2025-11-18,462,Comfortable pillow with built-in massage features.,25/1/2025
62102933,2025-08-18,420,A warm knitted scarf to keep you cozy in winter.,22/8/2025
111901690,2025-05-28,493,Easy-to-make pancake mix with pumpkin spice flavor.,15/12/2025
84301107,2024-11-22,547,Rechargeable electric razor for a smooth shave.,14/6/2025
61292433,2024-01-31,199,"A hearty soup made with lentils, coconut milk, and a blend of spices for a tropical flavor.",22/4/2024
62003977,2024-11-05,729,Eco-friendly LED lights for festive decorations.,6/1/2025
72412927,2025-04-06,24,"Fresh salsa made with tomatoes, onions, and cilantro.",27/2/2025
26009645,2025-09-20,474,Water bottle that tracks your hydration levels.,30/8/2025
221270318,2025-03-25,646,Automatic watering devices for potted plants.,27/9/2025
41204726,2025-02-16,963,"Juicy peach slices in syrup, perfect for desserts.",31/7/2024
61000227,2024-12-01,465,Blender designed for smoothies and shakes on the go.,22/6/2024
102000908,2025-12-27,38,Durable bag for carrying your yoga mat and accessories.,18/11/2024
73901592,2024-04-01,701,"Marinated shrimp in a garlic and lemon sauce, perfect for grilling.",6/8/2024
101111678,2025-08-07,38,GPS collar that monitors your pet's location and activity level.,22/1/2025
31300834,2024-04-17,174,Soft and tasty gluten-free sandwich bread.,6/11/2024
111013672,2025-05-16,389,Comfortable camping mattress that inflates automatically.,23/2/2025
91800015,2025-12-21,864,Crunchy granola with raisins and cinnamon for a delightful breakfast.,10/4/2025
71922968,2025-06-24,201,Bottle with infuser for brewing loose-leaf tea on the go.,29/12/2024
101218856,2025-07-11,242,Essential tools for outdoor barbecues including tongs and spatula.,23/11/2025
102101519,2024-08-22,536,"Crispy fries tossed in truffle oil and parmesan, a gourmet snack.",24/5/2024
101101989,2025-09-07,725,Stylish baskets for organizing various items in your home.,8/8/2024
121000853,2024-08-06,918,Instant hot water dispenser for tea and cooking.,28/12/2025
61104958,2025-08-29,905,"All-in-one tool for measuring soil moisture, light, and pH.",26/9/2024
71925211,2025-08-11,777,Soft and breathable cotton sweatpants perfect for lounging or workouts.,5/4/2024
103112345,2024-07-31,336,"Organize travel documents, passport, and cards.",24/10/2025
91210744,2024-08-17,692,Nutritious bars packed with protein for energy,15/8/2025
71924131,2024-11-10,558,"Savory pizza filled with pepperoni and cheese, ready to microwave.",11/4/2024
44205146,2024-04-05,574,"Sweet and savory carrots glazed in honey, perfect as a side dish.",17/4/2025
211174343,2024-11-11,15,A fitted ribbed knit dress that hugs your curves perfectly.,7/7/2025
123202293,2025-09-16,38,Instant ramen cups with flavor-packed broth.,14/4/2024
271972844,2025-04-15,432,"Spicy black bean burgers, great on the grill.",6/5/2025
67007949,2024-09-23,85,"Creamy yogurt with probiotics, available in various flavors.",6/10/2024
101205063,2025-05-06,189,Compact electric scooter for commuting and short trips.,21/1/2025
226072647,2025-12-13,410,"Delicious soft cookies, dairy-free and egg-free, perfect for treats.",10/4/2024
51008996,2024-04-11,752,Removable wall art stickers for home decoration.,31/1/2024
111322402,2025-05-25,744,Delicious mini donuts dusted with cinnamon sugar.,25/1/2024
103109840,2024-07-05,386,Eco-friendly mesh bags for shopping produce at the market.,2/4/2025
44106944,2025-04-11,937,"Nutty flavored chia seeds, packed with nutrients.",29/8/2025
11201335,2024-09-17,414,Clip-on guitar tuner with LCD display.,28/10/2024
264279279,2024-11-25,915,Windshield sunshade for car interior protection.,28/10/2025
62204158,2025-03-19,974,A refreshing salad made with quinoa and seasonal veggies.,12/1/2025
64208437,2025-03-15,232,Rechargeable hand warmer for cold weather comfort.,23/12/2024
125107642,2025-03-26,408,"Nutritious protein bar with cherry and almond flavor, great for on-the-go.",27/9/2024
113002296,2025-01-25,887,Wide pasta sheets for making lasagna.,5/9/2024
91210922,2025-10-16,266,Lightweight and portable picnic table for outdoor use.,7/6/2025
91310628,2025-04-29,253,"Fresh and tart organic green apples, great for snacking or baking.",2/9/2024
101206994,2025-11-26,422,Crunchy pretzel bites filled with peanut butter,14/1/2024
111314931,2025-01-16,86,Premium potting soil for indoor plants.,28/8/2024
122101706,2024-04-09,789,Durable cover to protect your grill from the elements.,24/11/2024
122106109,2025-10-01,436,Monthly subscription for freshly roasted coffee delivered to your door.,1/8/2024
65502608,2024-09-23,629,Ziti pasta baked with marinara and parmesan cheese,17/10/2024
72401789,2024-07-05,37,"Creamy, sweet pie mix to make the perfect coconut cream pie.",17/12/2025
102101616,2024-03-03,550,Monitor and interact with your pet remotely with this camera.,12/2/2024
65306192,2025-12-20,452,Refreshing sparkling water with lemon and lime flavor,19/12/2024
64108647,2024-06-25,316,Breathable polo shirt designed for both style and comfort on the greens.,16/4/2025
67014181,2025-01-27,412,A colorful printed maxi skirt for a bohemian look.,23/7/2024
253171430,2024-10-08,22,Ergonomic footrest for easier pedicure treatment.,22/1/2025
107004352,2025-04-23,95,"Sweet relish made from cucumbers, perfect for sandwiches.",21/8/2024
44000642,2025-11-03,949,Compact and portable projector for watching videos anywhere.,22/10/2024
91409571,2024-07-28,794,"Smoothie mix combining peanut butter and banana, great for a quick breakfast.",13/2/2024
84304573,2025-09-28,166,Nutritious organic quinoa for salads or sides,25/7/2025
263190812,2025-02-11,120,Control home appliances remotely using your smartphone app.,20/8/2025
31101185,2025-06-29,479,"Crispy sweet potato fries, perfectly seasoned and baked to perfection.",20/10/2025
71900825,2025-10-10,449,Set of decorative ceramic planters for indoor plants.,3/11/2024
73921323,2024-03-05,591,"Frozen shrimp sautéed in garlic butter, ready to thaw and serve over pasta or rice.",14/9/2024
121143697,2025-07-11,313,"Rich and creamy ice cream, available in various flavors.",10/6/2025
267084199,2024-09-29,470,Waterproof picnic blanket for outdoor fun.,25/1/2025
253170143,2024-01-31,60,Hearty minestrone soup loaded with vegetables and pasta.,9/3/2025
111914218,2024-12-09,532,Durable backpack for hiking or travel.,21/10/2024
123006389,2024-08-24,779,Spicy ginger cookies that are crunchy and delicious.,17/2/2025
82007791,2024-05-16,110,Professional sharpening system for kitchen knives.,15/2/2025
104909531,2024-06-13,602,"A simple, no-bake cheesecake mix to create your own delicious cheesecake.",30/3/2024
71924005,2025-08-07,542,Premium potting soil for indoor plants.,31/3/2025
103110813,2025-02-01,487,Crispy and sweet dried apple slices,25/6/2025
71917232,2024-08-07,72,Video baby monitor with night vision.,9/3/2024
101105684,2025-03-13,420,Custom cutting board made from high-quality wood.,15/5/2024
253184427,2024-12-31,871,Genuine leather wallet with multiple compartments.,23/4/2025
67006238,2024-04-25,472,"Rich and creamy dressing with garlic flavor, perfect for salads.",12/8/2024
83002533,2024-07-12,639,"Soft flannel shirt with a timeless plaid pattern, perfect for layering.",2/2/2024
113107612,2025-10-26,687,Soft and breathable cotton sweatpants perfect for lounging or workouts.,4/4/2025
52173464,2024-06-19,788,Set of soothing scented candles for relaxation and ambiance.,15/3/2024
91408501,2024-02-03,700,"Refreshing dressing made with avocado and lime, perfect for salads.",6/11/2024
122038442,2024-01-17,557,A nourishing bowl of sweet potatoes and chickpeas with spices.,21/5/2025
73900580,2025-08-01,211,Compact yoga mat that folds for easy storage and transport.,9/5/2025
101111490,2024-12-13,350,Everything you need to create a hearty beef stroganoff.,18/7/2025
84203043,2024-09-25,889,"Pitted black olives, perfect for salads and pizzas.",7/5/2025
62200466,2024-06-16,409,Eco-friendly generator for outdoor adventures.,22/10/2025
62200880,2024-08-04,898,Vertical shoe rack for saving closet space.,1/8/2024
74000515,2024-03-16,776,"Sweet and chewy dried mango slices, perfect for snacking.",5/6/2025
31201328,2024-07-11,141,Wi-Fi-enabled digital frame for displaying photos.,19/8/2025
64208437,2024-09-01,861,"Fresh, creamy avocados ideal for salads and guacamole.",30/11/2024
84204657,2025-03-10,975,Creamy macaroni and cheese baked to perfection.,11/10/2025
91205652,2025-04-18,690,Durable 50-foot garden hose with nozzle.,22/6/2024
11100805,2025-07-09,459,"A mix of fresh raspberries, blueberries, and blackberries.",23/11/2024
74000010,2025-06-03,297,Stylish bar stools with adjustable height and swivel features.,10/5/2024
64103419,2024-10-07,56,Set for making fondue at home.,6/6/2024
322270262,2025-05-27,320,Creamy almond butter made from roasted almonds.,3/2/2024
21307708,2024-08-13,208,Storage organizer for art supplies and tools.,13/10/2025
211170279,2024-04-17,580,Complete set of gardening tools for outdoor tasks.,31/12/2024
31306799,2025-09-20,404,Connect your phone to the car's audio system via Bluetooth.,1/12/2024
325182603,2024-05-20,438,Smoky and sweet BBQ sauce for grilling and dipping.,11/2/2024
65306079,2025-08-16,398,Frozen cauliflower rice blended with mixed vegetables and seasonings.,3/2/2024
103103451,2025-09-25,183,"Chilled noodles dressed in sesame sauce, ready to eat.",10/3/2024
107089652,2024-04-08,386,Compact hair dryer with multiple heat settings.,12/7/2024
83905546,2024-05-20,428,Retro-style graphic tee with a soft wash for a vintage feel.,18/12/2024
71925169,2024-09-22,833,A classic denim jacket that never goes out of style.,1/8/2025
125105550,2024-06-05,158,"Eye-catching mini dress with sequins, ideal for party nights out.",26/8/2025
21313569,2024-06-18,153,Smart tracker to locate keys or other items via app.,11/2/2025
71908869,2024-02-09,907,Indoor gardening kit with herbs and pots.,13/11/2025
111320925,2024-03-28,180,"Unsweetened apple sauce, great for snacks or baking.",30/6/2024
111907102,2025-02-21,77,A protein-packed pancake mix for a nutritious breakfast.,17/9/2024
62000019,2025-02-04,664,A refreshing blend of peaches and mangoes for a delicious smoothie.,25/7/2024
61003664,2024-11-06,279,Creamy Greek yogurt infused with raspberry and vanilla flavors.,12/5/2025
101104711,2024-01-24,69,Comfortable mouse pad designed to reduce wrist strain.,12/7/2024
113008083,2024-09-04,6,"Elegant midi skirt with a wrap design, great for both formal and casual events.",18/1/2025
71004349,2024-12-27,583,Set of resistance bands for strength training at home.,26/6/2024
102300404,2024-02-14,191,Spacious 2-person camping tent with waterproof cover.,11/8/2024
71900786,2025-10-23,800,Natural energy bites packed with fruits and nuts for a perfect snack.,22/5/2025
114922003,2024-06-09,18,Convenient magnetic jars for easy spice storage.,29/3/2024
64208194,2025-03-07,921,Breathable mesh sports leggings for ultimate comfort.,3/10/2024
112207403,2024-11-22,753,"Pre-cooked vegetable fried rice, just heat and serve.",27/8/2024
75904937,2024-01-14,407,Functional leggings designed for maximum comfort during workouts.,23/8/2024
73917887,2024-08-05,696,"Tender and juicy pork chops, perfect on the grill.",15/7/2025
51400549,2025-04-11,91,Countertop dishwasher for small kitchens.,7/10/2024
111906462,2025-01-01,869,Traditional basil pesto made with extra virgin olive oil.,7/1/2024
101904911,2025-06-05,831,Complete set of cooking utensils made from bamboo.,2/3/2024
111917383,2025-08-05,894,Inspiring cookbook with healthy recipes.,24/2/2025
65200188,2025-01-04,461,Frozen smoothie pack with strawberries and bananas.,29/10/2024
122000661,2025-08-17,242,Complete watercolor set with paints and brushes.,24/7/2025
53112055,2025-12-22,112,DIY kit to convert your smartphone into a mini projector.,23/2/2025
51404118,2025-03-26,377,Eco-friendly trash bags that break down naturally.,29/6/2025
121144201,2024-09-18,501,Bold graphic hoodie featuring a comfortable fit and soft fabric.,20/11/2025
21909300,2024-12-19,806,"Fresh button mushrooms, great for cooking.",14/12/2024
21302622,2024-08-12,421,Compact yoga mat that folds for easy storage and transport.,25/6/2025
125184746,2025-11-22,995,"Tender sweet corn kernels, ready to eat or add to dishes.",29/12/2025
51904524,2025-09-02,632,Shredded cabbage and carrots for coleslaw.,17/6/2024
113104178,2024-09-24,417,Eco-friendly bamboo holder for toothbrushes.,7/7/2025
53110400,2025-07-21,300,Classic wooden building blocks for toddlers.,28/12/2025
325182755,2024-09-03,941,Illuminated vanity mirror with adjustable brightness settings.,14/12/2025
104910274,2025-10-02,188,Organize your board games with this storage bin.,3/5/2025
111922527,2025-09-22,634,Rich vegetable stock for cooking soups and stews.,28/2/2025
62206732,2025-11-16,68,Large electric griddle for family meals.,28/1/2024
73921763,2024-03-03,648,Ready-to-bake cookie dough packed with chocolate chips.,6/12/2025
281073458,2024-08-11,352,A staple v-neck t-shirt that pairs well with anything.,17/1/2024
61106655,2025-07-18,684,Adjustable LED desk light with brightness settings.,3/8/2025
101202503,2024-08-21,436,Crunchy and flavorful mix of oats and honey.,18/8/2024
111319538,2025-09-01,268,Use this foam roller for effective post-workout recovery.,3/2/2025
84204929,2025-11-24,137,Rechargeable hand warmer for cold weather comfort.,13/12/2025
122401710,2024-10-06,747,Savory teriyaki sauce for stir-frying veggies or meats.,20/5/2025
75902625,2024-07-05,615,Challenging 1000-piece jigsaw puzzle for all ages.,9/7/2025
31315007,2024-11-21,303,No-bake energy bites made with peanut butter and oats.,1/2/2024
43310980,2025-11-30,459,"Rich in selenium, perfect for snacking or baking.",13/8/2024
42101446,2024-04-10,848,Deliciously rich brownies made with almond flour.,12/5/2025
221371644,2025-05-11,824,Lightweight and portable chair for camping or events.,17/9/2025
124103799,2024-03-16,374,Ear protection for shooting and industrial use.,11/9/2025
61120246,2025-05-18,238,"Seasoned and roasted to perfection, ready to eat.",10/1/2025
125108858,2024-08-01,600,1080p wireless security camera with night vision.,15/9/2024
313072819,2025-06-14,299,Rechargeable screwdriver with multiple bits for DIY projects.,30/11/2024
104922204,2025-05-27,528,Complete station with supplies for kids' art projects.,23/1/2025
53112275,2025-08-05,323,Beautiful leather-bound journal for writing and sketching.,5/12/2024
53100494,2025-08-29,479,Inflatable air mattress for convenient sleeping.,29/12/2024
63114836,2025-09-20,457,"Classic ketchup made from organic tomatoes, no added sugar.",24/7/2025
26013246,2024-02-18,980,"Frozen salmon fillets marinated in teriyaki sauce, ready to grill or bake.",19/2/2024
91915311,2025-07-09,765,Automatic waterer that filters and provides fresh drinking water for pets.,14/11/2024
91014924,2024-01-25,231,Nutritious bars packed with protein for energy,20/8/2025
72400052,2025-02-07,490,Set of breathable bags for organizing shoes while traveling.,16/4/2025
42000314,2025-05-18,465,"Spicy and flavorful soup made with black beans, perfect as a meal or starter.",5/10/2025
82902663,2025-04-06,296,Lightweight hammock with a sturdy stand for relaxation anywhere.,10/10/2024
123006389,2025-02-04,277,Crunchy granola with maple flavor and almond pieces for breakfast.,11/7/2025
84000819,2025-04-30,7,Comfortable and adjustable harness for dogs.,16/1/2024
101001089,2024-03-25,890,Golden crispy chicken tenders coated with honey mustard flavor.,22/10/2024
91311135,2025-05-09,345,Essential oil blends for a soothing atmosphere in your home.,6/8/2025
111322457,2025-10-14,800,Space-saving collapsible bottle for outdoor activities.,5/1/2024
73916477,2024-06-01,854,Creative building set for kids to spark imagination.,6/5/2025
42100230,2025-11-27,375,Frozen pizza loaded with vegetables and cheese.,14/7/2025
31100047,2025-07-14,580,Chocolate-covered candy bars with coconut and almonds.,27/11/2024
26003353,2025-05-22,540,Crunchy and flavorful mix of oats and honey.,12/7/2024
11000206,2024-09-29,346,Compostable plates suitable for various occasions.,7/9/2025
43310281,2025-07-17,57,"Rich and creamy dressing with garlic flavor, perfect for salads.",13/7/2024
113124637,2024-06-25,837,32GB USB flash drive with fast data transfer speeds.,1/2/2025
107001818,2024-03-30,504,Stylish dish soap dispenser with sponge holder.,17/4/2024
112207403,2025-10-06,326,Classic chicken noodle soup with tender chicken and vegetables.,10/4/2025
82901897,2024-09-06,187,Juicy burger patties made with grass-fed beef,25/5/2024
11302933,2024-11-16,751,"Creamy dip made with caramelized onions, perfect for chips or veggies.",6/5/2025
81004591,2025-05-24,244,"Aromatic fresh basil, perfect for Italian cooking.",13/2/2025
91205607,2023-12-31,381,Stylish ankle strap heels for a classy look at any event.,16/6/2024
61308770,2024-02-03,52,Stylish tote to keep wine bottles chilled while traveling.,5/12/2025
51409142,2025-07-21,581,Automated litter box that cleans itself after each use.,11/3/2025
72408708,2024-08-16,343,"A spicy, flavorful cheese stick great for snacks or lunchboxes.",30/4/2024
91901972,2025-12-22,848,Crispy cauliflower bites tossed in spicy buffalo sauce.,7/12/2024
31314749,2024-09-19,542,Delicious bacon with a rich applewood smoked flavor.,31/7/2024
53110400,2024-05-14,588,Eco-friendly electric bike with a 30-mile range.,2/11/2025
72409794,2025-10-09,518,Clip-on guitar tuner with LCD display.,14/2/2024
211170279,2025-11-12,28,Borosilicate glass water bottle with silicone sleeve.,4/2/2025
31301846,2024-11-06,192,"Deliciously smoked salmon, great for bagels.",12/8/2024
322285668,2025-11-26,545,Rechargeable electric razor for a smooth shave.,3/7/2025
273970941,2024-02-27,788,A classic denim jacket that never goes out of style.,4/11/2025
103008404,2025-01-09,374,"Marinated chicken skewers with lemon and dill flavor, grilled to perfection.",15/7/2024
111311785,2025-03-12,938,A nourishing bowl of sweet potatoes and chickpeas with spices.,21/7/2024
104113217,2025-02-20,741,Spicy ginger cookies that are crunchy and delicious.,12/7/2025
63210112,2024-03-17,703,Engaging kit with science experiments for children.,23/5/2024
53000196,2024-07-11,119,Portable fire pit for backyard gatherings.,14/10/2025
21201011,2024-07-13,131,Stackable containers for organizing snacks and treats.,23/12/2024
71000521,2025-08-28,353,"A savory marinade for meats, perfect for grilling.",26/7/2025
51403915,2025-10-28,467,Hands-on experience with science and engineering projects.,1/11/2025
72413832,2024-09-27,770,Freshly roasted coffee beans with rich flavor.,23/10/2024
83902374,2024-07-03,624,Abstract canvas print to enhance home decor.,13/1/2025
107005607,2025-01-26,70,"Rich tart filled with chocolate and raspberry, a gourmet dessert.",26/8/2024
61204654,2024-03-17,797,A comforting soup filled with chicken and noodles in broth.,24/1/2025
63104215,2025-07-11,711,"Crispy mini pretzels, a great snack any time of day.",5/11/2025
82901570,2025-11-26,424,Cozy throw blanket perfect for adding warmth to your home.,18/3/2024
63113138,2025-05-18,771,"A tangy marinade for meats and veggies, packed with garlic flavor.",28/4/2025
107000152,2024-03-23,434,Set of decorative ceramic planters for indoor plants.,27/6/2025
52001633,2025-11-04,142,Chewy bars made with peanut butter and chocolate chips.,24/7/2025
65503681,2025-04-30,603,Nutritious and hearty pasta made from whole wheat flour.,15/2/2024
74914452,2025-04-22,371,Non-contact thermometer for quick and easy temperature readings.,7/12/2024
91001322,2024-05-01,33,Fiery hot sauce made with fresh habaneros and spices.,3/12/2025
71000521,2025-07-01,248,"Protein-rich quinoa, a great alternative to rice.",27/5/2024
71001685,2025-12-27,650,Adjustable window blinds for privacy and light control.,22/3/2024
125107037,2024-02-17,297,Tangy and crunchy dill pickles.,6/7/2025
72413557,2025-03-04,886,Light and breezy dress perfect for summer outings with a vibrant floral pattern.,23/2/2025
123308553,2024-08-06,451,"Canned chickpeas, perfect for hummus or salads.",17/4/2024
21202609,2024-01-05,111,Fun inflatable float for lounging in the pool or beach.,26/5/2024
75905965,2025-01-15,68,"A lightweight tank dress, ideal for warm weather outings.",31/3/2025
61203642,2025-04-10,159,Spicy and tangy chili sauce for adding heat to any dish.,8/8/2024
101101976,2024-06-05,12,Lightweight yoga mat for practicing on the go.,8/7/2025
83907324,2025-02-08,143,Wi-Fi enabled thermostat that learns your habits.,13/1/2024
103104874,2025-04-22,17,"Refreshing tea with honey and lemon flavor, perfect for a warm drink.",28/9/2025
71922298,2024-06-06,114,High-capacity power bank for charging devices on the go.,26/5/2025
107002118,2025-03-13,626,"A selection of different flavored hummus, great for snacking.",4/1/2024
31101211,2024-03-25,97,Essential ingredient for baking fluffy cakes and pastries.,1/9/2024
111915398,2025-06-15,278,"Creamy mashed sweet potatoes, ready to heat and serve.",6/4/2025
71900883,2025-04-01,236,Fun inflatable float for lounging in the pool or beach.,20/8/2024
122105760,2025-06-24,681,Protective case for wireless earbuds.,25/2/2025
11104050,2025-10-08,448,Healthy snack bars packed with oats and fruit.,25/9/2024
261170546,2024-04-03,681,Floating bookshelf to display your favorite books.,13/5/2024
62204721,2024-01-17,949,Wi-Fi enabled thermostat that learns your habits.,11/9/2025
112207403,2025-08-08,779,Non-slip mat designed for yoga and fitness exercises.,22/5/2025
42101886,2025-09-05,939,Effective brush for removing loose hair from pets.,20/8/2025
111921230,2025-08-31,381,High-quality olive oil infused with fresh lemon zest.,26/1/2024
67014123,2025-02-24,318,"Hearty beef stew with vegetables, ready to heat and serve.",20/8/2025
125108890,2025-11-03,150,"Rich and creamy dressing with garlic flavor, perfect for salads.",28/4/2024
122243237,2025-05-22,417,Portable fire pit for backyard gatherings.,13/6/2025
82905136,2024-01-18,128,Adjustable laptop stand for better ergonomics.,7/12/2024
253171540,2025-06-03,558,"Coffee blend infused with pumpkin spice, perfect for fall.",9/1/2025
63106268,2024-10-30,320,"Crunchy tortilla chips with a hint of sea salt, great with dips.",22/1/2024
64208398,2024-07-19,700,Fun lunchbox for kids with a sturdy design.,13/5/2025
121000044,2024-05-21,27,"Freshly baked French baguette, perfect for dipping.",1/5/2024
64207292,2024-11-30,729,Versatile canvas sneakers suitable for everyday wear with a comfortable fit.,25/8/2024
53112042,2024-07-04,928,Intricate designs for adults to relax and unwind.,7/12/2024
63292538,2024-12-17,110,A zero-calorie coconut oil spray for cooking and baking.,16/11/2024
65405349,2024-08-27,505,Portable projector with 1080p resolution for movies.,3/12/2025
104902062,2025-10-28,275,A timeless wardrobe staple crafted from soft cotton with a perfect fit.,30/10/2024
103110237,2024-04-25,921,"Chickpeas served with olives, feta, and hummus, a healthy meal.",19/3/2024
21606580,2024-08-13,349,"A fresh, flavorful basil pesto for pasta and more",22/1/2025
121138990,2024-09-10,190,A sleek leather wallet that combines style and functionality.,25/2/2024
52000016,2024-08-09,599,Dairy-free yogurt made from coconut milk.,20/10/2024
123002011,2024-12-27,138,A blend of spices perfect for seasoning steak.,30/10/2024
102103708,2025-05-08,852,Blender for smoothies with a portable cup.,16/4/2024
63106006,2024-07-14,821,Soft and cozy bathrobe perfect for relaxing at home.,20/2/2024
42201854,2024-03-01,2,Planter with self-watering feature for easy plant care.,22/4/2025
67092310,2024-02-24,260,"Compact towels that expand when wet, ideal for travel.",30/3/2024
122240450,2025-09-21,598,Lightweight and portable swing hammock for relaxing outdoors.,1/1/2024
113119105,2024-05-28,720,"Chewy cookies made with coconut, perfect for sweet cravings.",2/11/2024
125200947,2024-05-03,537,Set of soothing scented candles for relaxation and ambiance.,19/10/2024
21213339,2024-06-18,445,Complete tattoo kit for beginners and professionals.,30/7/2024
67014194,2024-08-04,813,Fun inflatable float for lounging in the pool or beach.,28/7/2024
111303667,2024-11-24,454,"Juicy pork tenderloin, great for roasting.",11/9/2025
322282292,2025-08-18,234,Non-slip mat designed for yoga and fitness exercises.,14/2/2024
111000038,2025-07-21,10,Nutritious snack bar made with almond butter and protein.,9/11/2024
111925317,2024-07-18,345,Freshly roasted coffee beans with rich flavor.,17/11/2024
122105278,2025-10-20,438,Everything you need to make melt-in-your-mouth cinnamon rolls at home.,18/8/2024
91406121,2024-12-28,141,Travel-friendly dog bowl that is collapsible for easy storage.,25/7/2025
322271627,2025-09-26,286,"Spicy chili in a can, ready to eat for a filling meal.",20/12/2024
75907002,2024-07-04,674,Essential tools for bike maintenance and repair.,28/12/2024
91209483,2025-02-09,731,True wireless earbuds with excellent sound quality.,26/4/2024
26013796,2025-09-06,186,Noise-cancelling Bluetooth headphones for immersive sound.,12/9/2025
81303823,2024-03-05,645,Adjustable stand for portable speakers and devices.,13/10/2025
67013852,2025-10-22,455,Rich cocoa powder for baking and chocolate recipes.,28/2/2025
91205607,2025-05-17,651,Device that tracks soil moisture and provides care tips.,4/1/2024
325070760,2024-07-02,687,A trendy cropped sweater perfect for a casual look.,25/5/2024
53110303,2025-06-30,296,A zesty seasoning for meats and vegetables,23/5/2025
53100850,2025-01-08,946,Crisp and delicious organic apples.,8/10/2024
112323387,2025-07-06,969,Activity workbook for early learning and fun.,29/12/2025
53101529,2025-01-14,856,Beginner-friendly acoustic guitar with natural finish.,9/3/2025
122105715,2024-03-09,730,Compact sterilizer for disinfecting small items.,31/12/2024
71000343,2025-09-04,783,Fresh pre-cut carrot and celery sticks for easy snacking.,2/10/2025
65503348,2025-07-23,19,Device that tracks soil moisture and provides care tips.,15/5/2025
101101769,2024-10-03,597,"Fresh Brussels sprouts, great for roasting or steaming.",6/7/2025
61292433,2025-05-08,784,Crunchy granola full of peanut butter flavor and oats.,28/10/2025
42202426,2024-11-17,16,"Low-carb zucchini noodles, perfect for a healthy alternative to pasta.",7/10/2025
65106680,2024-03-15,488,Waterproof picnic blanket for outdoor fun.,20/11/2024
325182603,2024-05-24,23,Wi-Fi enabled doorbell with HD camera and two-way audio.,27/9/2024
73903503,2024-06-21,665,Chewy granola bars made with honey and almonds.,25/10/2024
122105922,2025-09-23,169,"Expandable caddy for holding books, phones, and snacks while in the bath.",25/7/2025
253170981,2025-06-01,238,Handheld frother for creating frothed milk for coffee.,29/10/2025
41002203,2025-12-02,85,Sweet mixture of cinnamon and sugar for sprinkling.,3/2/2025
65401107,2025-04-10,151,"Nutty flavored lentils, perfect for soups and salads.",6/8/2025
64202682,2025-06-30,74,Adjustable stand to improve ergonomics while working on a laptop.,25/4/2025
53207122,2024-04-23,840,Roasted almonds dipped in rich dark chocolate.,14/3/2025
111319004,2025-11-22,679,Quick and easy side dish with buttery flavor.,27/6/2025
75012531,2024-12-15,56,Portable mixer bottle for smoothies and protein shakes.,4/3/2024
114905499,2024-03-16,903,Delicious cookies made with almond flour for a gluten-free treat.,4/10/2025
122105524,2024-06-23,145,Rich almond butter encased in dark chocolate.,20/12/2024
121135087,2024-08-10,390,Leak-proof bottles for travel-sized toiletries.,11/2/2024
71904779,2025-01-25,706,Scented bath salts for relaxation and self-care.,6/5/2024
71123385,2025-10-10,874,Multi-port USB-C hub for connecting devices.,5/10/2024
63105654,2024-11-25,701,"Delicious turkey bacon, a healthier alternative.",9/1/2024
282974006,2025-06-17,820,Set of stylish throw pillows for home decor.,12/3/2025
56005363,2024-01-21,609,Comfortable slim fit chinos for a polished look.,10/4/2025
113110379,2025-05-19,138,Tender chicken coated in a sweet and savory honey garlic sauce.,29/8/2024
71925130,2025-12-22,63,Handmade eco-friendly bowls made from real coconuts.,30/12/2024
125008547,2024-08-19,58,Energy-efficient lights to illuminate outdoor areas.,12/4/2025
74902215,2025-04-03,909,Classic chicken noodle soup with tender chicken and vegetables.,15/4/2024
122239775,2024-09-29,571,Tender beef chunks for slow-cooked stews.,25/2/2025
125108382,2025-02-17,770,"Juicy and tender beef sirloin steak, grass-fed.",23/12/2024
114909929,2024-09-27,377,Eco-friendly charger that uses solar energy for powering devices.,7/8/2024
91811758,2025-08-15,900,Digital scale for precise cooking measurements.,11/5/2025
82901677,2024-03-14,683,A warm and stylish puffer coat perfect for winter weather.,24/3/2025
103109840,2024-01-30,15,Educational tablet designed for preschool-age children.,24/5/2024
122237748,2024-03-30,26,Nutty flavor perfect for pesto and salads.,19/9/2024
44202505,2025-08-19,85,Compact blender that comes with travel cups for smoothies.,6/5/2024
63109935,2025-07-11,498,Instant mix for creamy vanilla pudding.,2/4/2025
111901467,2024-02-07,342,"Fresh zucchini, versatile for grilling or sautéing.",10/3/2024
65002548,2025-09-24,265,Savory sauce for vegetable and meat stir-fries.,3/12/2025
111921751,2024-11-08,552,A trendy oversized denim shirt perfect for layering.,14/9/2024
81309364,2025-07-21,957,Fresh walnut halves for baking or snacking.,16/12/2024
72413751,2025-01-01,624,"A mix of strawberries, blueberries, and raspberries.",14/4/2024
322079133,2024-12-07,858,Crunchy granola with almonds and coconut.,18/1/2024
211179982,2025-11-20,298,Stylish smartwatch with fitness tracking and notifications.,24/5/2024
221380114,2024-03-09,921,A flavorful pasta sauce made with roasted garlic.,17/3/2024
75000103,2024-10-12,124,Sweet and savory sauce for marinating and glazing meats or vegetables.,21/11/2024
44072337,2024-01-17,789,Crispy roasted chickpeas seasoned to perfection,8/12/2024
267090691,2025-04-01,216,"Deliciously smoked salmon, great for bagels.",7/1/2024
55001384,2025-10-16,915,A hearty vegetable curry for a quick and satisfying meal.,25/6/2025
21111800,2025-02-01,181,Crunchy croutons with a blend of herbs for salads.,21/11/2025
104901717,2024-05-12,263,Set of versatile mixing bowls for cooking.,2/1/2025
72412778,2025-02-27,179,Large stir fry pan with non-stick surface.,29/6/2025
67012882,2025-01-24,967,"Expandable caddy for holding books, phones, and snacks while in the bath.",24/12/2025
42215248,2024-03-22,48,"Chickpeas mixed with fresh vegetables and herbs, a nutritious snack or salad.",5/5/2024
81000058,2025-08-28,713,"Marinated chicken breast seasoned with herbs, ready for grilling.",28/3/2024
86518749,2024-12-17,709,Energy-efficient lights that charge during the day and illuminate at night.,19/4/2024
124103896,2024-11-14,267,"All-in-one meal kit including pasta, meatballs, and sauce for a quick dinner.",9/9/2024
62202736,2025-02-09,99,Comfortable and adjustable harness for dogs.,15/10/2024
75912644,2025-02-25,305,Small fridge designed to keep skincare products cool and fresh.,2/7/2025
111000805,2025-01-18,856,Cozy wool sweater to keep you warm on chilly days.,5/9/2024
21000018,2024-01-19,731,Wide pasta sheets for making lasagna.,9/10/2025
21307559,2024-10-29,951,Set of decorative ceramic planters for indoor plants.,29/12/2025
64107994,2025-07-16,172,Removable wall art stickers for home decoration.,6/12/2024
61104275,2025-05-16,519,Fresh baked chocolate chip muffins for breakfast.,29/7/2024
21202311,2024-06-09,715,HEPA air purifier for clean indoor air.,5/11/2024
71920957,2025-10-10,112,"Fragrant jasmine rice, perfect as a side dish.",20/7/2024
53200983,2024-09-24,921,"Delicious turkey bacon, a healthier alternative.",3/6/2025
107089555,2024-03-21,179,GPS collar that monitors your pet's location and activity level.,4/5/2025
83902374,2024-12-14,78,Extra virgin olive oil infused with fresh basil.,25/9/2024
92101289,2025-10-28,797,Healthier way to make popcorn in the microwave without oil.,23/9/2025
71923695,2025-06-24,393,High-frequency whistle for training your dog effectively.,9/8/2025
101001089,2024-05-06,42,Handheld frother for creating frothed milk for coffee.,13/1/2024
11302438,2024-11-15,308,Stackable measuring cups made from stainless steel.,1/12/2025
81519031,2025-02-27,397,Travel-friendly dog bowl that is collapsible for easy storage.,7/6/2024
67016118,2025-11-19,466,"Freshly baked artisan bread, perfect for sandwiches or toasting.",3/12/2024
103101589,2025-06-20,457,"Eye-catching mini dress with sequins, ideal for party nights out.",15/8/2025
81211928,2024-09-23,223,Durable boots designed for outdoor hiking and activities.,23/9/2024
72402034,2024-02-25,231,Tender carrots glazed with a sweet maple sauce.,21/5/2024
113111378,2024-08-28,525,Durable jump rope for cardio workouts.,31/10/2025
211170130,2024-05-12,874,Classic wooden train set for imaginative play.,7/3/2024
113110816,2024-08-09,32,Artichoke hearts marinated in herbs and oil.,22/4/2025
101001283,2025-07-18,277,Fresh eggs from free-range chickens.,23/6/2025
91901561,2024-11-01,655,Refreshing sparkling water with cucumber and lime flavor.,3/7/2025
211070175,2025-04-22,669,Absorbent training pads for puppies and kittens.,24/11/2024
51904676,2025-07-15,791,Baking mix to create your favorite Samoa-style cookies at home.,29/8/2025
91407133,2024-05-21,525,A pre-packaged salad kit with noodles and Asian-style dressing.,17/4/2025
62200783,2025-07-15,168,"Nutritious protein bar with cherry and almond flavor, great for on-the-go.",28/9/2025
103104764,2025-11-25,798,Delicious frozen pizza with a variety of toppings.,28/5/2025
75906951,2024-02-07,999,Savory potato chips with a hint of maple sweetness and crispy bacon flavor.,18/7/2025
75918295,2024-02-23,262,Savory soup made with leeks and potatoes.,11/8/2024
113024562,2024-04-28,97,Soft oatmeal cookies with maple and pecans.,28/7/2024
121142627,2023-12-31,724,Comfortable kneeling pad for gardening or home projects.,23/10/2025
75000051,2025-07-13,651,"Crunchy and sweet banana chips, a great on-the-go snack.",11/1/2024
21200575,2024-08-24,44,Custom keychain with engraved text.,28/2/2024
83905546,2025-09-02,44,Easy-to-heat frozen burritos for a quick meal.,6/1/2025
114908289,2025-05-31,813,Easy-to-set-up picnic table for outdoor dining.,2/6/2025
42102018,2024-04-01,965,"Deliciously crunchy sweet potato chips, seasoned to perfection.",6/10/2024
61120217,2025-06-18,47,Dried tomatoes packed with deep flavor for salads and pasta.,19/9/2025
84303082,2024-09-16,691,Stylish stand to hold your recipes while cooking.,19/4/2025
122239843,2024-03-04,338,Versatile multi-tool with 15 different functions.,27/3/2025
71104715,2025-02-15,561,Control lights remotely with this smart switch.,16/8/2025
71107699,2025-06-05,293,"Creamy yogurt made from coconut milk, dairy-free and delicious.",28/10/2025
113105465,2025-08-01,562,Flavorful dressing made with miso paste,8/7/2025
62202697,2024-09-04,968,Lightweight and portable chair for camping or events.,12/2/2024
231375520,2024-10-24,973,Durable ceramic bakeware for casseroles and desserts.,10/9/2024
125184746,2025-06-01,296,Frozen mix of colorful stir-fry veggies.,21/10/2024
114024969,2025-11-29,802,"Rich and flavorful chicken broth, great for soups.",24/8/2024
53274113,2024-05-18,839,Indoor Wi-Fi camera for home security.,26/9/2025
65301948,2024-12-04,946,Rich coconut milk for curries and desserts.,29/3/2024
121143891,2024-09-19,931,All-natural skincare set for daily use.,11/4/2025
42107738,2024-02-07,616,Fluffy biscuits made without gluten,2/10/2024
91803889,2025-02-17,151,Set with various resistance bands for workouts.,22/10/2024
82901444,2024-06-06,52,Bottle that tracks your water intake and reminds you to drink.,9/4/2025
75908195,2025-05-03,780,"Sweet and tender peach slices preserved in syrup, great for desserts.",13/3/2024
111922527,2025-12-29,20,Challenging puzzle game set for family entertainment.,15/5/2024
71924584,2024-02-19,162,"Flavorful rice mixed with coconut and lime, a tropical side dish.",25/2/2025
84201977,2024-06-08,134,"Crispy sweet potato fries, a delicious side dish.",23/6/2025
81519031,2024-07-26,984,"Essential cotton tank top, perfect for layering.",11/1/2025
65300211,2025-08-20,914,Soft throw blanket for cozy home decor.,19/3/2024
71100706,2024-05-19,199,Stylish dish soap dispenser with sponge holder.,17/7/2024
61202245,2024-11-09,862,"A flavorful garlic butter blend, perfect for cooking or baking.",16/5/2024
81518113,2025-01-18,76,Delicious cookies packed with oats and raisins.,2/3/2025
21905977,2025-06-06,238,Effective brush for removing loose hair from pets.,16/12/2024
64003768,2025-07-13,862,Adjustable lamp with multiple brightness levels and colors.,29/9/2025
75902463,2025-05-01,484,Marinated chicken grilled with lemon and herbs.,16/10/2025
81304615,2025-06-05,600,A chic leather crossbody bag for everyday use.,28/3/2024
31304720,2025-08-08,244,Hanging bird feeder for backyard birds.,21/11/2025
111320925,2025-06-27,208,Tidy storage solution for rechargeable batteries.,22/10/2025
53112314,2024-12-25,272,Multi-port USB-C hub for connecting devices.,26/6/2024
31901686,2025-11-08,717,"Refreshing and tangy fermented tea, available in various flavors.",11/2/2024
61204463,2024-02-20,542,Ultrasonic diffuser that helps create a calming atmosphere.,21/12/2024
64207771,2024-12-18,523,Savory lentil chips with BBQ flavor,8/12/2025
86518477,2025-10-07,578,Gluten-free biscuits made with almond flour.,20/11/2024
211970194,2024-07-24,501,HEPA air purifier for clean indoor air.,9/6/2024
122240667,2024-07-28,884,Automated cleaning robot for hassle-free home maintenance.,11/7/2025
71908827,2025-07-07,572,Sweet and tangy balsamic reduction for drizzling.,24/2/2025
64200765,2024-02-05,675,"A creamy blend of avocados and lime juice, great for spreads or dips.",29/4/2025
41201512,2025-11-10,928,"A zesty marinade made with lemon juice and garlic, ideal for chicken or fish.",10/11/2025
104105733,2025-11-22,907,Comprehensive tool set for gardening enthusiasts.,20/5/2024
101902052,2025-06-07,378,Marinated chicken grilled with lemon and herbs.,31/7/2024
